username,name,email,profile,permission_sets,is_active,last_login
jessica.bird@northwindmaterials.com,Jessica Bird,jessica.bird@northwindmaterials.com,System Administrator,Revenue_Admin|Data_Export,TRUE,2026-08-09T06:23:17.913602
joshua.thomas@northwindmaterials.com,Joshua Thomas,joshua.thomas@northwindmaterials.com,Standard User,Revenue_Admin,TRUE,2026-07-23T22:28:24.610120
matthew.welch@northwindmaterials.com,Matthew Welch,matthew.welch@northwindmaterials.com,Standard User,Data_Export,TRUE,2026-07-12T05:58:16.984583
nicholas.johnson@northwindmaterials.com,Nicholas Johnson,nicholas.johnson@northwindmaterials.com,Read Only,Opportunity_Approver,FALSE,2026-07-20T22:15:28.545534
edward.shaffer@northwindmaterials.com,Edward Shaffer,edward.shaffer@northwindmaterials.com,Read Only,Data_Export|Revenue_Admin,TRUE,2026-07-25T05:32:23.766453
vicki.mendoza@acquiredbrand.com,Vicki Mendoza,vicki.mendoza@acquiredbrand.com,System Administrator,Opportunity_Approver,TRUE,2026-06-25T14:23:31.311093
stanley.morris@northwindmaterials.com,Stanley Morris,stanley.morris@northwindmaterials.com,System Administrator,Revenue_Admin,TRUE,2026-08-09T23:34:33.910455
james.anderson@acquiredbrand.com,James Anderson,james.anderson@acquiredbrand.com,Sales Admin,Revenue_Admin|Opportunity_Approver,TRUE,2026-05-28T03:40:23.479049
kimberly.bradley@northwindmaterials.com,Kimberly Bradley,kimberly.bradley@northwindmaterials.com,Read Only,Revenue_Admin,TRUE,2026-05-10T08:01:12.209569
jon.parker@northwindmaterials.com,Jon Parker,jon.parker@northwindmaterials.com,Sales Admin,,TRUE,2026-07-02T15:31:50.433951
connie.simmons@northwindmaterials.com,Connie Simmons,connie.simmons@northwindmaterials.com,System Administrator,Data_Export|Report_Builder,TRUE,2026-05-09T23:45:37.838565
patricia.evans@northwindmaterials.com,Patricia Evans,patricia.evans@northwindmaterials.com,Standard User,Report_Builder,TRUE,2026-06-06T07:18:59.400597
terrance.franco@acquiredbrand.com,Terrance Franco,terrance.franco@acquiredbrand.com,System Administrator,,FALSE,2026-05-18T16:27:57.551509
troy.khan@northwindmaterials.com,Troy Khan,troy.khan@northwindmaterials.com,Read Only,Revenue_Admin|Report_Builder,TRUE,2026-06-27T17:01:15.976813
ivan.jones@northwindmaterials.com,Ivan Jones,ivan.jones@northwindmaterials.com,Read Only,,TRUE,2026-07-15T13:07:13.283116
travis.brown@northwindmaterials.com,Travis Brown,travis.brown@northwindmaterials.com,Sales Admin,Data_Export|Revenue_Admin,TRUE,2026-07-14T07:34:21.924755
stacey.joyce@northwindmaterials.com,Stacey Joyce,stacey.joyce@northwindmaterials.com,Sales Admin,Report_Builder,TRUE,2026-06-01T17:53:42.437562
randy.velasquez@northwindmaterials.com,Randy Velasquez,randy.velasquez@northwindmaterials.com,Read Only,Report_Builder|Opportunity_Approver,TRUE,2026-05-06T22:15:13.857925
maurice.jenkins@northwindmaterials.com,Maurice Jenkins,maurice.jenkins@northwindmaterials.com,Read Only,Data_Export,FALSE,2026-05-06T12:22:06.756989
david.munoz@northwindmaterials.com,David Munoz,david.munoz@northwindmaterials.com,Sales Admin,,FALSE,2026-08-06T08:55:12.838883
samuel.holmes@northwindmaterials.com,Samuel Holmes,samuel.holmes@northwindmaterials.com,System Administrator,,TRUE,2026-07-12T11:11:06.618561
joseph.wright@northwindmaterials.com,Joseph Wright,joseph.wright@northwindmaterials.com,Read Only,,TRUE,2026-05-04T22:23:00.260509
dominique.turner@northwindmaterials.com,Dominique Turner,dominique.turner@northwindmaterials.com,Standard User,Opportunity_Approver,TRUE,2026-06-28T18:54:10.519403
richard.robertson@acquiredbrand.com,Richard Robertson,richard.robertson@acquiredbrand.com,Standard User,Data_Export|Revenue_Admin,TRUE,2026-05-20T02:26:49.872792
anthony.wilson@northwindmaterials.com,Anthony Wilson,anthony.wilson@northwindmaterials.com,System Administrator,Report_Builder,TRUE,2026-08-28T09:32:17.653759
scott.mills@northwindmaterials.com,Scott Mills,scott.mills@northwindmaterials.com,Read Only,Opportunity_Approver|Data_Export,TRUE,2026-05-08T19:35:00.969279
tracy.hernandez@northwindmaterials.com,Tracy Hernandez,tracy.hernandez@northwindmaterials.com,Standard User,,TRUE,2026-07-07T09:23:05.949860
sydney.baker@northwindmaterials.com,Sydney Baker,sydney.baker@northwindmaterials.com,Standard User,Report_Builder,TRUE,2026-07-06T16:14:21.866730
elizabeth.williams@northwindmaterials.com,Elizabeth Williams,elizabeth.williams@northwindmaterials.com,System Administrator,,TRUE,2026-06-13T20:40:58.160044
dillon.weaver@northwindmaterials.com,Dillon Weaver,dillon.weaver@northwindmaterials.com,Standard User,,TRUE,2026-05-06T07:51:51.124063
tina.gould@northwindmaterials.com,Tina Gould,tina.gould@northwindmaterials.com,Read Only,Revenue_Admin,TRUE,2026-06-29T18:17:34.272561
stephanie.jones@northwindmaterials.com,Stephanie Jones,stephanie.jones@northwindmaterials.com,System Administrator,Report_Builder|Data_Export,TRUE,2026-08-11T22:58:07.057308
gina.garner@northwindmaterials.com,Gina Garner,gina.garner@northwindmaterials.com,Read Only,Opportunity_Approver|Data_Export,TRUE,2026-06-23T04:25:37.712654
cheyenne.garrett@acquiredbrand.com,Cheyenne Garrett,cheyenne.garrett@acquiredbrand.com,Standard User,,TRUE,2026-06-09T11:52:30.089882
colton.clay@northwindmaterials.com,Colton Clay,colton.clay@northwindmaterials.com,Sales Admin,Report_Builder,TRUE,2026-06-11T10:30:22.413682
thomas.proctor@northwindmaterials.com,Thomas Proctor,thomas.proctor@northwindmaterials.com,Read Only,Data_Export|Revenue_Admin,TRUE,2026-06-14T20:58:28.085659
cameron.santiago@acquiredbrand.com,Cameron Santiago,cameron.santiago@acquiredbrand.com,Read Only,,TRUE,2026-05-13T22:43:46.422570
edward.prince@northwindmaterials.com,Edward Prince,edward.prince@northwindmaterials.com,System Administrator,,TRUE,2026-08-05T07:53:12.093246
tiffany.moon@acquiredbrand.com,Tiffany Moon,tiffany.moon@acquiredbrand.com,Read Only,Data_Export,TRUE,2026-07-02T15:11:51.250685
jill.porter@northwindmaterials.com,Jill Porter,jill.porter@northwindmaterials.com,System Administrator,,TRUE,2026-05-10T00:34:10.491199
tracy.guerrero@northwindmaterials.com,Tracy Guerrero,tracy.guerrero@northwindmaterials.com,Standard User,Data_Export,TRUE,2026-06-09T04:31:05.467084
grant.novak@northwindmaterials.com,Grant Novak,grant.novak@northwindmaterials.com,Sales Admin,,TRUE,2026-08-30T10:49:28.178769
amy.gutierrez@northwindmaterials.com,Amy Gutierrez,amy.gutierrez@northwindmaterials.com,Read Only,,FALSE,2026-07-02T13:48:34.120429
julie.phillips@northwindmaterials.com,Julie Phillips,julie.phillips@northwindmaterials.com,Sales Admin,Opportunity_Approver,TRUE,2026-07-20T07:21:35.101871
jerry.robinson@northwindmaterials.com,Jerry Robinson,jerry.robinson@northwindmaterials.com,Read Only,Data_Export,TRUE,2026-08-21T15:09:31.832308
debra.moore@northwindmaterials.com,Debra Moore,debra.moore@northwindmaterials.com,Sales Admin,Opportunity_Approver,TRUE,2026-08-13T13:03:28.269583
zoe.bell@northwindmaterials.com,Zoe Bell,zoe.bell@northwindmaterials.com,Sales Admin,Data_Export|Report_Builder,TRUE,2026-08-24T21:35:12.538391
matthew.gallegos@northwindmaterials.com,Matthew Gallegos,matthew.gallegos@northwindmaterials.com,Read Only,Revenue_Admin|Opportunity_Approver,TRUE,2026-05-16T16:54:05.758412
kevin.ortiz@northwindmaterials.com,Kevin Ortiz,kevin.ortiz@northwindmaterials.com,Standard User,Data_Export,TRUE,2026-05-31T06:09:40.854296
martha.warner@northwindmaterials.com,Martha Warner,martha.warner@northwindmaterials.com,Sales Admin,,TRUE,2026-08-11T10:18:53.302347
denise.webster@northwindmaterials.com,Denise Webster,denise.webster@northwindmaterials.com,Standard User,Report_Builder|Opportunity_Approver,TRUE,2026-05-21T00:33:18.501888
jon.wyatt@acquiredbrand.com,Jon Wyatt,jon.wyatt@acquiredbrand.com,Sales Admin,Revenue_Admin,TRUE,2026-08-31T14:23:46.570465
robert.adkins@northwindmaterials.com,Robert Adkins,robert.adkins@northwindmaterials.com,System Administrator,,TRUE,2026-08-15T17:47:58.771492
amy.morris@northwindmaterials.com,Amy Morris,amy.morris@northwindmaterials.com,Sales Admin,Opportunity_Approver,TRUE,2026-07-30T06:50:58.833399
william.armstrong@acquiredbrand.com,William Armstrong,william.armstrong@acquiredbrand.com,Read Only,Revenue_Admin|Opportunity_Approver,TRUE,2026-05-31T12:51:46.145082
jesse.benson@northwindmaterials.com,Jesse Benson,jesse.benson@northwindmaterials.com,Read Only,Report_Builder,TRUE,2026-05-14T22:29:17.353481
tammy.jordan@northwindmaterials.com,Tammy Jordan,tammy.jordan@northwindmaterials.com,Standard User,Opportunity_Approver,TRUE,2026-07-30T06:25:50.841412
randall.guerrero@northwindmaterials.com,Randall Guerrero,randall.guerrero@northwindmaterials.com,System Administrator,Data_Export,TRUE,2026-08-09T20:22:19.685897
jacob.thompson@northwindmaterials.com,Jacob Thompson,jacob.thompson@northwindmaterials.com,Standard User,Data_Export|Report_Builder,FALSE,2026-08-10T07:30:18.495878
todd.lewis@northwindmaterials.com,Todd Lewis,todd.lewis@northwindmaterials.com,Read Only,Report_Builder,TRUE,2026-07-07T21:10:05.172496
amber.taylor@northwindmaterials.com,Amber Taylor,amber.taylor@northwindmaterials.com,System Administrator,Opportunity_Approver,TRUE,2026-05-04T23:13:52.006705
mark.steele@northwindmaterials.com,Mark Steele,mark.steele@northwindmaterials.com,Read Only,,TRUE,2026-07-25T23:08:05.278234
renee.jones@northwindmaterials.com,Renee Jones,renee.jones@northwindmaterials.com,Standard User,,TRUE,2026-05-10T16:10:26.494822
jennifer.lewis@northwindmaterials.com,Jennifer Lewis,jennifer.lewis@northwindmaterials.com,System Administrator,,TRUE,2026-08-18T08:57:34.984456
brenda.goodwin@northwindmaterials.com,Brenda Goodwin,brenda.goodwin@northwindmaterials.com,Sales Admin,Opportunity_Approver,TRUE,2026-05-09T13:03:33.841987
john.le@northwindmaterials.com,John Le,john.le@northwindmaterials.com,Read Only,Opportunity_Approver|Data_Export,TRUE,2026-05-10T03:14:59.147910
daniel.hicks@northwindmaterials.com,Daniel Hicks,daniel.hicks@northwindmaterials.com,Sales Admin,,FALSE,2026-06-09T21:21:19.695014
michele.campbell@northwindmaterials.com,Michele Campbell,michele.campbell@northwindmaterials.com,Standard User,Opportunity_Approver|Revenue_Admin,TRUE,2026-06-05T00:32:02.893787
shawn.edwards@northwindmaterials.com,Shawn Edwards,shawn.edwards@northwindmaterials.com,Sales Admin,Revenue_Admin,TRUE,2026-07-25T22:12:51.103890
nicole.suarez@northwindmaterials.com,Nicole Suarez,nicole.suarez@northwindmaterials.com,Standard User,,TRUE,2026-08-07T08:53:17.345172
david.dudley@northwindmaterials.com,David Dudley,david.dudley@northwindmaterials.com,Read Only,Data_Export,TRUE,2026-06-18T22:07:21.420615
kimberly.johnson@northwindmaterials.com,Kimberly Johnson,kimberly.johnson@northwindmaterials.com,Read Only,Revenue_Admin|Opportunity_Approver,TRUE,2026-07-27T05:09:16.961629
john.grant@northwindmaterials.com,John Grant,john.grant@northwindmaterials.com,Standard User,Opportunity_Approver,TRUE,2026-08-23T08:35:31.965979
amanda.smith@northwindmaterials.com,Amanda Smith,amanda.smith@northwindmaterials.com,Standard User,Opportunity_Approver,TRUE,2026-07-13T09:20:42.821041
jeffrey.williams@northwindmaterials.com,Jeffrey Williams,jeffrey.williams@northwindmaterials.com,System Administrator,,TRUE,2026-05-18T18:18:57.918691
loretta.barnes@acquiredbrand.com,Loretta Barnes,loretta.barnes@acquiredbrand.com,System Administrator,Data_Export,FALSE,2026-06-11T16:40:41.232122
lauren.gardner@northwindmaterials.com,Lauren Gardner,lauren.gardner@northwindmaterials.com,Sales Admin,,TRUE,2026-05-22T03:14:39.372974
steven.bishop@northwindmaterials.com,Steven Bishop,steven.bishop@northwindmaterials.com,System Administrator,,TRUE,2026-07-13T11:17:42.963211
william.reid@northwindmaterials.com,William Reid,william.reid@northwindmaterials.com,Standard User,Revenue_Admin,TRUE,2026-08-14T09:26:33.553956
jessica.rodriguez@northwindmaterials.com,Jessica Rodriguez,jessica.rodriguez@northwindmaterials.com,Sales Admin,Opportunity_Approver|Revenue_Admin,TRUE,2026-08-19T19:58:26.308247
julie.alvarez@northwindmaterials.com,Julie Alvarez,julie.alvarez@northwindmaterials.com,Standard User,,TRUE,2026-07-19T19:16:57.011441
jenna.moore@northwindmaterials.com,Jenna Moore,jenna.moore@northwindmaterials.com,Read Only,Revenue_Admin|Data_Export,TRUE,2026-07-23T13:31:03.079560
madison.figueroa@northwindmaterials.com,Madison Figueroa,madison.figueroa@northwindmaterials.com,System Administrator,,TRUE,2026-07-05T23:40:46.054015
chad.torres@northwindmaterials.com,Chad Torres,chad.torres@northwindmaterials.com,Read Only,Data_Export,TRUE,2026-06-02T05:42:27.097787
kevin.walker@northwindmaterials.com,Kevin Walker,kevin.walker@northwindmaterials.com,Standard User,,TRUE,2026-06-30T17:25:45.248950
hannah.butler@northwindmaterials.com,Hannah Butler,hannah.butler@northwindmaterials.com,Read Only,Revenue_Admin|Data_Export,TRUE,2026-07-02T04:29:56.619877
nancy.baker@northwindmaterials.com,Nancy Baker,nancy.baker@northwindmaterials.com,Read Only,Revenue_Admin,TRUE,2026-06-07T00:57:35.321193
wendy.atkinson@northwindmaterials.com,Wendy Atkinson,wendy.atkinson@northwindmaterials.com,Sales Admin,,TRUE,2026-08-05T02:12:52.721481
leslie.patterson@northwindmaterials.com,Leslie Patterson,leslie.patterson@northwindmaterials.com,Read Only,,TRUE,2026-07-01T07:11:39.022572
jeffrey.barton@northwindmaterials.com,Jeffrey Barton,jeffrey.barton@northwindmaterials.com,Read Only,,TRUE,2026-05-15T09:22:55.898331
kelly.arroyo@northwindmaterials.com,Kelly Arroyo,kelly.arroyo@northwindmaterials.com,System Administrator,Revenue_Admin|Data_Export,TRUE,2026-08-04T07:39:42.155795
joshua.pineda@northwindmaterials.com,Joshua Pineda,joshua.pineda@northwindmaterials.com,System Administrator,Opportunity_Approver|Revenue_Admin,TRUE,2026-07-28T17:46:42.110583
lisa.long@northwindmaterials.com,Lisa Long,lisa.long@northwindmaterials.com,Sales Admin,Data_Export,TRUE,2026-06-15T17:40:04.543533
kenneth.jenkins@northwindmaterials.com,Kenneth Jenkins,kenneth.jenkins@northwindmaterials.com,Sales Admin,Report_Builder,TRUE,2026-08-12T15:21:40.459006
vanessa.phillips@northwindmaterials.com,Vanessa Phillips,vanessa.phillips@northwindmaterials.com,Read Only,Opportunity_Approver|Revenue_Admin,TRUE,2026-06-02T11:02:37.042139
scott.lewis@northwindmaterials.com,Scott Lewis,scott.lewis@northwindmaterials.com,Read Only,,TRUE,2026-07-21T00:44:48.134915
joseph.miller@northwindmaterials.com,Joseph Miller,joseph.miller@northwindmaterials.com,System Administrator,Data_Export,TRUE,2026-08-15T01:53:12.517545
sara.little@northwindmaterials.com,Sara Little,sara.little@northwindmaterials.com,Sales Admin,Revenue_Admin|Report_Builder,TRUE,2026-07-26T18:29:57.795028
rebecca.bailey@northwindmaterials.com,Rebecca Bailey,rebecca.bailey@northwindmaterials.com,Sales Admin,Revenue_Admin|Report_Builder,TRUE,2026-05-13T09:24:57.164834
sean.white@northwindmaterials.com,Sean White,sean.white@northwindmaterials.com,Read Only,Report_Builder,TRUE,2026-07-02T17:27:52.419054
kim.hancock@northwindmaterials.com,Kim Hancock,kim.hancock@northwindmaterials.com,Standard User,,TRUE,2026-05-29T20:55:45.686401
megan.parsons@northwindmaterials.com,Megan Parsons,megan.parsons@northwindmaterials.com,System Administrator,Report_Builder|Revenue_Admin,TRUE,2026-07-23T20:02:13.153827
debbie.hunt@northwindmaterials.com,Debbie Hunt,debbie.hunt@northwindmaterials.com,Sales Admin,Opportunity_Approver|Revenue_Admin,TRUE,2026-06-29T13:16:23.252048
joy.wilson@northwindmaterials.com,Joy Wilson,joy.wilson@northwindmaterials.com,Read Only,Opportunity_Approver|Data_Export,TRUE,2026-06-19T13:58:24.385396
brandon.christian@northwindmaterials.com,Brandon Christian,brandon.christian@northwindmaterials.com,Sales Admin,Revenue_Admin|Data_Export,TRUE,2026-07-01T21:25:09.318416
susan.cowan@northwindmaterials.com,Susan Cowan,susan.cowan@northwindmaterials.com,Standard User,Opportunity_Approver,TRUE,2026-06-14T05:29:47.045385
desiree.garrison@northwindmaterials.com,Desiree Garrison,desiree.garrison@northwindmaterials.com,System Administrator,Revenue_Admin|Opportunity_Approver,TRUE,2026-08-10T01:18:24.492600
jodi.hancock@northwindmaterials.com,Jodi Hancock,jodi.hancock@northwindmaterials.com,Read Only,,TRUE,2026-08-03T18:24:55.055141
andrea.pennington@northwindmaterials.com,Andrea Pennington,andrea.pennington@northwindmaterials.com,Sales Admin,Data_Export,TRUE,2026-07-05T01:06:38.423705
pamela.moore@northwindmaterials.com,Pamela Moore,pamela.moore@northwindmaterials.com,Read Only,Report_Builder,TRUE,2026-06-10T23:28:26.400299
darlene.henry@northwindmaterials.com,Darlene Henry,darlene.henry@northwindmaterials.com,Sales Admin,Opportunity_Approver,TRUE,2026-08-25T16:49:05.925577
joseph.zuniga@northwindmaterials.com,Joseph Zuniga,joseph.zuniga@northwindmaterials.com,System Administrator,Opportunity_Approver,FALSE,2026-07-28T09:30:56.166626
brian.dickerson@acquiredbrand.com,Brian Dickerson,brian.dickerson@acquiredbrand.com,Read Only,Report_Builder,TRUE,2026-07-22T00:13:59.858316
michelle.mccarty@northwindmaterials.com,Michelle Mccarty,michelle.mccarty@northwindmaterials.com,Standard User,Revenue_Admin,TRUE,2026-08-14T02:41:02.758317
hector.mullen@northwindmaterials.com,Hector Mullen,hector.mullen@northwindmaterials.com,Read Only,Revenue_Admin,TRUE,2026-05-17T01:18:07.806362
amanda.fitzpatrick@northwindmaterials.com,Amanda Fitzpatrick,amanda.fitzpatrick@northwindmaterials.com,Read Only,Data_Export|Opportunity_Approver,TRUE,2026-05-19T23:34:27.372629
kevin.dean@northwindmaterials.com,Kevin Dean,kevin.dean@northwindmaterials.com,Read Only,,TRUE,2026-08-22T09:05:17.026572
david.johnston@acquiredbrand.com,David Johnston,david.johnston@acquiredbrand.com,Sales Admin,,TRUE,2026-06-19T15:27:29.363499
paula.cole@northwindmaterials.com,Paula Cole,paula.cole@northwindmaterials.com,Standard User,Revenue_Admin|Report_Builder,TRUE,2026-06-27T16:00:13.875481
erin.pierce@northwindmaterials.com,Erin Pierce,erin.pierce@northwindmaterials.com,Sales Admin,Revenue_Admin|Data_Export,TRUE,2026-07-17T19:58:36.450873
jose.donovan@northwindmaterials.com,Jose Donovan,jose.donovan@northwindmaterials.com,Sales Admin,,TRUE,2026-05-28T17:41:58.902570
samantha.bush@northwindmaterials.com,Samantha Bush,samantha.bush@northwindmaterials.com,System Administrator,Opportunity_Approver,TRUE,2026-06-21T09:35:24.463104
deborah.lynch@northwindmaterials.com,Deborah Lynch,deborah.lynch@northwindmaterials.com,Standard User,Report_Builder,TRUE,2026-05-12T14:40:52.369027
laura.grant@northwindmaterials.com,Laura Grant,laura.grant@northwindmaterials.com,Standard User,Opportunity_Approver|Revenue_Admin,TRUE,2026-06-24T03:30:38.418484
emily.adams@northwindmaterials.com,Emily Adams,emily.adams@northwindmaterials.com,Sales Admin,Opportunity_Approver,TRUE,2026-07-25T17:26:45.886725
chloe.green@northwindmaterials.com,Chloe Green,chloe.green@northwindmaterials.com,Sales Admin,,TRUE,2026-08-26T13:18:15.970589
roy.hawkins@northwindmaterials.com,Roy Hawkins,roy.hawkins@northwindmaterials.com,Sales Admin,,TRUE,2026-07-12T15:27:27.983855
gerald.petersen@northwindmaterials.com,Gerald Petersen,gerald.petersen@northwindmaterials.com,Sales Admin,,TRUE,2026-05-16T14:56:43.179293
john.butler@northwindmaterials.com,John Butler,john.butler@northwindmaterials.com,System Administrator,,TRUE,2026-06-28T16:32:52.329876
rebecca.hernandez@northwindmaterials.com,Rebecca Hernandez,rebecca.hernandez@northwindmaterials.com,Standard User,,TRUE,2026-05-17T05:39:33.694942
christine.sanchez@northwindmaterials.com,Christine Sanchez,christine.sanchez@northwindmaterials.com,System Administrator,Report_Builder|Opportunity_Approver,TRUE,2026-05-17T14:22:25.073019
brandon.flynn@northwindmaterials.com,Brandon Flynn,brandon.flynn@northwindmaterials.com,Standard User,,TRUE,2026-05-06T08:46:23.705923
gina.henry@northwindmaterials.com,Gina Henry,gina.henry@northwindmaterials.com,Sales Admin,Report_Builder,TRUE,2026-06-28T16:14:19.833669
kelsey.le@northwindmaterials.com,Kelsey Le,kelsey.le@northwindmaterials.com,System Administrator,Revenue_Admin|Data_Export,TRUE,2026-06-05T09:15:33.143154
robert.fowler@northwindmaterials.com,Robert Fowler,robert.fowler@northwindmaterials.com,Read Only,Report_Builder|Data_Export,TRUE,2026-06-30T12:34:20.713780
stephen.solis@northwindmaterials.com,Stephen Solis,stephen.solis@northwindmaterials.com,Sales Admin,Opportunity_Approver|Revenue_Admin,TRUE,2026-07-07T01:56:59.922699
george.greer@northwindmaterials.com,George Greer,george.greer@northwindmaterials.com,Sales Admin,,TRUE,2026-06-15T14:38:08.350784
matthew.moore@northwindmaterials.com,Matthew Moore,matthew.moore@northwindmaterials.com,System Administrator,,TRUE,2026-05-18T13:46:45.979806
brandon.nichols@northwindmaterials.com,Brandon Nichols,brandon.nichols@northwindmaterials.com,Read Only,,TRUE,2026-07-09T09:52:34.613885
melinda.christian@northwindmaterials.com,Melinda Christian,melinda.christian@northwindmaterials.com,Read Only,,TRUE,2026-06-15T21:44:57.417211
john.wilson@northwindmaterials.com,John Wilson,john.wilson@northwindmaterials.com,Standard User,Revenue_Admin|Opportunity_Approver,TRUE,2026-05-29T19:45:00.554085
jose.edwards@northwindmaterials.com,Jose Edwards,jose.edwards@northwindmaterials.com,Sales Admin,,TRUE,2026-06-21T00:09:09.516561
jill.stewart@northwindmaterials.com,Jill Stewart,jill.stewart@northwindmaterials.com,Sales Admin,Report_Builder,TRUE,2026-06-25T01:50:36.454336
robert.house@northwindmaterials.com,Robert House,robert.house@northwindmaterials.com,Standard User,,TRUE,2026-06-13T10:10:11.183840
henry.lewis@northwindmaterials.com,Henry Lewis,henry.lewis@northwindmaterials.com,Standard User,Report_Builder,TRUE,2026-06-26T08:03:39.315033
ronald.ortega@northwindmaterials.com,Ronald Ortega,ronald.ortega@northwindmaterials.com,Read Only,Opportunity_Approver,TRUE,2026-06-17T17:58:06.041568
maria.potter@northwindmaterials.com,Maria Potter,maria.potter@northwindmaterials.com,Standard User,,FALSE,2026-05-10T06:30:25.468004
charles.soto@northwindmaterials.com,Charles Soto,charles.soto@northwindmaterials.com,Sales Admin,,TRUE,2026-06-19T06:39:53.579190
jeffery.freeman@northwindmaterials.com,Jeffery Freeman,jeffery.freeman@northwindmaterials.com,Read Only,Opportunity_Approver,TRUE,2026-08-23T17:41:50.933904
virginia.stanley@northwindmaterials.com,Virginia Stanley,virginia.stanley@northwindmaterials.com,Standard User,Data_Export,FALSE,2026-05-27T15:31:23.103384
alexandra.green@northwindmaterials.com,Alexandra Green,alexandra.green@northwindmaterials.com,System Administrator,Report_Builder|Opportunity_Approver,TRUE,2026-05-27T02:36:53.801973
shelley.woods@northwindmaterials.com,Shelley Woods,shelley.woods@northwindmaterials.com,Sales Admin,,TRUE,2026-05-25T13:44:16.443899
lauren.bolton@northwindmaterials.com,Lauren Bolton,lauren.bolton@northwindmaterials.com,Standard User,Opportunity_Approver,TRUE,2026-06-06T11:39:57.655959
zoe.peters@northwindmaterials.com,Zoe Peters,zoe.peters@northwindmaterials.com,System Administrator,Revenue_Admin|Report_Builder,TRUE,2026-07-16T06:27:02.258742
cathy.maxwell@acquiredbrand.com,Cathy Maxwell,cathy.maxwell@acquiredbrand.com,Sales Admin,Report_Builder,TRUE,2026-07-05T14:37:16.195868
danielle.gonzales@northwindmaterials.com,Danielle Gonzales,danielle.gonzales@northwindmaterials.com,Standard User,Opportunity_Approver|Revenue_Admin,TRUE,2026-05-17T11:27:05.526213
megan.murphy@northwindmaterials.com,Megan Murphy,megan.murphy@northwindmaterials.com,Read Only,Revenue_Admin,TRUE,2026-05-10T08:37:47.188601
brittney.carter@northwindmaterials.com,Brittney Carter,brittney.carter@northwindmaterials.com,Sales Admin,,TRUE,2026-06-03T05:57:33.931882
crystal.cain@northwindmaterials.com,Crystal Cain,crystal.cain@northwindmaterials.com,Read Only,Opportunity_Approver,FALSE,2026-05-17T16:55:06.407343
daniel.graham@northwindmaterials.com,Daniel Graham,daniel.graham@northwindmaterials.com,Read Only,,TRUE,2026-05-18T04:44:28.210701
karen.decker@northwindmaterials.com,Karen Decker,karen.decker@northwindmaterials.com,Read Only,Data_Export,TRUE,2026-08-19T18:46:06.121569
brian.gutierrez@acquiredbrand.com,Brian Gutierrez,brian.gutierrez@acquiredbrand.com,System Administrator,,TRUE,2026-07-12T09:39:49.861069
amanda.glover@northwindmaterials.com,Amanda Glover,amanda.glover@northwindmaterials.com,Read Only,Data_Export,FALSE,2026-06-02T00:38:57.631353
chad.hodges@northwindmaterials.com,Chad Hodges,chad.hodges@northwindmaterials.com,Standard User,,TRUE,2026-07-07T05:32:21.722854
charles.ware@northwindmaterials.com,Charles Ware,charles.ware@northwindmaterials.com,Standard User,Data_Export|Revenue_Admin,TRUE,2026-06-06T10:19:23.862747
alyssa.barajas@northwindmaterials.com,Alyssa Barajas,alyssa.barajas@northwindmaterials.com,Read Only,,TRUE,2026-08-18T06:53:19.803961
erica.le@northwindmaterials.com,Erica Le,erica.le@northwindmaterials.com,Standard User,,TRUE,2026-07-27T07:35:43.302519
tammy.hart@northwindmaterials.com,Tammy Hart,tammy.hart@northwindmaterials.com,Sales Admin,Report_Builder|Opportunity_Approver,TRUE,2026-06-21T22:07:51.850152
meredith.tran@northwindmaterials.com,Meredith Tran,meredith.tran@northwindmaterials.com,Sales Admin,Revenue_Admin,TRUE,2026-06-20T12:30:36.085897
elijah.rivera@northwindmaterials.com,Elijah Rivera,elijah.rivera@northwindmaterials.com,Sales Admin,,TRUE,2026-05-30T18:16:41.870773
john.mueller@northwindmaterials.com,John Mueller,john.mueller@northwindmaterials.com,Standard User,,TRUE,2026-08-11T06:19:03.837396
steven.matthews@northwindmaterials.com,Steven Matthews,steven.matthews@northwindmaterials.com,System Administrator,Opportunity_Approver|Data_Export,TRUE,2026-07-26T09:02:57.494554
caleb.joseph@northwindmaterials.com,Caleb Joseph,caleb.joseph@northwindmaterials.com,System Administrator,,TRUE,2026-07-02T19:05:39.773237
courtney.hernandez@northwindmaterials.com,Courtney Hernandez,courtney.hernandez@northwindmaterials.com,System Administrator,,TRUE,2026-05-24T21:33:49.906696
christina.gonzalez@northwindmaterials.com,Christina Gonzalez,christina.gonzalez@northwindmaterials.com,System Administrator,,TRUE,2026-05-28T19:17:50.572432
charles.velazquez@northwindmaterials.com,Charles Velazquez,charles.velazquez@northwindmaterials.com,Sales Admin,,TRUE,2026-07-19T19:16:11.036842
phyllis.meyer@northwindmaterials.com,Phyllis Meyer,phyllis.meyer@northwindmaterials.com,Standard User,Opportunity_Approver,TRUE,2026-07-28T01:51:27.506391
gail.perry@northwindmaterials.com,Gail Perry,gail.perry@northwindmaterials.com,Standard User,Data_Export|Opportunity_Approver,TRUE,2026-06-07T22:22:42.459225
manuel.brewer@northwindmaterials.com,Manuel Brewer,manuel.brewer@northwindmaterials.com,Read Only,Opportunity_Approver|Data_Export,TRUE,2026-05-04T17:56:52.032923
linda.jarvis@northwindmaterials.com,Linda Jarvis,linda.jarvis@northwindmaterials.com,Read Only,Opportunity_Approver|Data_Export,TRUE,2026-05-26T14:01:37.266161
chris.mitchell@northwindmaterials.com,Chris Mitchell,chris.mitchell@northwindmaterials.com,System Administrator,,TRUE,2026-08-21T07:24:48.344515
timothy.blair@northwindmaterials.com,Timothy Blair,timothy.blair@northwindmaterials.com,Sales Admin,,TRUE,2026-07-18T00:42:03.052232
nathan.mckee@northwindmaterials.com,Nathan Mckee,nathan.mckee@northwindmaterials.com,Sales Admin,Report_Builder|Data_Export,TRUE,2026-08-01T01:34:52.900211
james.gonzalez@northwindmaterials.com,James Gonzalez,james.gonzalez@northwindmaterials.com,System Administrator,Revenue_Admin|Report_Builder,TRUE,2026-08-14T16:23:02.922592
angela.ramirez@northwindmaterials.com,Angela Ramirez,angela.ramirez@northwindmaterials.com,Sales Admin,Revenue_Admin|Opportunity_Approver,TRUE,2026-07-25T22:15:19.622162
ivan.johnson@northwindmaterials.com,Ivan Johnson,ivan.johnson@northwindmaterials.com,Read Only,Revenue_Admin,TRUE,2026-05-24T19:16:11.327328
maria.scott@acquiredbrand.com,Maria Scott,maria.scott@acquiredbrand.com,Read Only,Data_Export,TRUE,2026-07-25T03:33:15.682169
mathew.aguilar@northwindmaterials.com,Mathew Aguilar,mathew.aguilar@northwindmaterials.com,Sales Admin,,TRUE,2026-05-24T08:56:20.064750
stephen.rodriguez@acquiredbrand.com,Stephen Rodriguez,stephen.rodriguez@acquiredbrand.com,Sales Admin,,TRUE,2026-06-13T05:36:26.319627
angela.randall@northwindmaterials.com,Angela Randall,angela.randall@northwindmaterials.com,Read Only,Revenue_Admin,TRUE,2026-06-28T00:01:22.799805
amanda.baker@northwindmaterials.com,Amanda Baker,amanda.baker@northwindmaterials.com,System Administrator,Revenue_Admin|Data_Export,TRUE,2026-08-27T20:15:35.715133
anthony.gomez@northwindmaterials.com,Anthony Gomez,anthony.gomez@northwindmaterials.com,System Administrator,Report_Builder,TRUE,2026-07-23T07:10:13.338130
kevin.rasmussen@northwindmaterials.com,Kevin Rasmussen,kevin.rasmussen@northwindmaterials.com,Read Only,Revenue_Admin,TRUE,2026-06-24T17:25:00.991686
wayne.jackson@acquiredbrand.com,Wayne Jackson,wayne.jackson@acquiredbrand.com,System Administrator,Report_Builder|Data_Export,TRUE,2026-05-06T20:58:52.756785
randy.garcia@northwindmaterials.com,Randy Garcia,randy.garcia@northwindmaterials.com,Sales Admin,Opportunity_Approver|Data_Export,TRUE,2026-08-29T07:11:17.015086
lisa.villarreal@northwindmaterials.com,Lisa Villarreal,lisa.villarreal@northwindmaterials.com,Read Only,Data_Export|Revenue_Admin,TRUE,2026-08-18T03:01:18.041492
karen.lee@northwindmaterials.com,Karen Lee,karen.lee@northwindmaterials.com,Read Only,,TRUE,2026-05-24T20:41:17.963844
reginald.robinson@northwindmaterials.com,Reginald Robinson,reginald.robinson@northwindmaterials.com,Standard User,Report_Builder|Opportunity_Approver,TRUE,2026-08-03T14:33:03.479214
jeffrey.lawrence@northwindmaterials.com,Jeffrey Lawrence,jeffrey.lawrence@northwindmaterials.com,Read Only,,TRUE,2026-05-05T13:02:00.816531
lisa.gonzales@northwindmaterials.com,Lisa Gonzales,lisa.gonzales@northwindmaterials.com,Sales Admin,Report_Builder,TRUE,2026-06-15T15:10:25.311978
kristen.stevens@northwindmaterials.com,Kristen Stevens,kristen.stevens@northwindmaterials.com,Sales Admin,Report_Builder|Data_Export,TRUE,2026-06-30T05:37:51.102749
jennifer.garcia@northwindmaterials.com,Jennifer Garcia,jennifer.garcia@northwindmaterials.com,System Administrator,,TRUE,2026-05-04T11:53:55.109666
john.thompson@northwindmaterials.com,John Thompson,john.thompson@northwindmaterials.com,Read Only,,TRUE,2026-08-17T03:52:09.804276
travis.davis@northwindmaterials.com,Travis Davis,travis.davis@northwindmaterials.com,Sales Admin,,TRUE,2026-06-30T01:59:47.559567
jeremy.garcia@northwindmaterials.com,Jeremy Garcia,jeremy.garcia@northwindmaterials.com,Sales Admin,Revenue_Admin,TRUE,2026-05-09T19:06:30.155156
theresa.long@northwindmaterials.com,Theresa Long,theresa.long@northwindmaterials.com,Standard User,Opportunity_Approver|Data_Export,FALSE,2026-05-06T11:05:08.038662
kristina.williamson@northwindmaterials.com,Kristina Williamson,kristina.williamson@northwindmaterials.com,Read Only,,TRUE,2026-07-24T23:31:59.626640
christopher.davis@northwindmaterials.com,Christopher Davis,christopher.davis@northwindmaterials.com,System Administrator,Opportunity_Approver,TRUE,2026-06-08T06:05:48.049606
jessica.nunez@northwindmaterials.com,Jessica Nunez,jessica.nunez@northwindmaterials.com,Read Only,,TRUE,2026-05-31T18:28:06.572406
brian.decker@northwindmaterials.com,Brian Decker,brian.decker@northwindmaterials.com,System Administrator,,TRUE,2026-07-03T18:03:42.609665
leslie.cox@northwindmaterials.com,Leslie Cox,leslie.cox@northwindmaterials.com,Standard User,,TRUE,2026-08-02T23:22:42.019037
daniel.smith@northwindmaterials.com,Daniel Smith,daniel.smith@northwindmaterials.com,Sales Admin,,TRUE,2026-08-05T09:44:19.936339
robert.johnson@northwindmaterials.com,Robert Johnson,robert.johnson@northwindmaterials.com,Sales Admin,Revenue_Admin,TRUE,2026-05-16T08:58:41.864388
charles.hensley@northwindmaterials.com,Charles Hensley,charles.hensley@northwindmaterials.com,System Administrator,Opportunity_Approver|Report_Builder,TRUE,2026-08-08T20:12:38.662826
michael.green@northwindmaterials.com,Michael Green,michael.green@northwindmaterials.com,Standard User,,TRUE,2026-06-13T15:45:02.779829
glen.barr@northwindmaterials.com,Glen Barr,glen.barr@northwindmaterials.com,Read Only,Opportunity_Approver,TRUE,2026-07-02T06:06:22.061691
brandon.yang@northwindmaterials.com,Brandon Yang,brandon.yang@northwindmaterials.com,Read Only,,FALSE,2026-06-15T11:14:57.882627
amanda.camacho@acquiredbrand.com,Amanda Camacho,amanda.camacho@acquiredbrand.com,Sales Admin,Data_Export,TRUE,2026-07-08T20:39:33.878712
kevin.lyons@northwindmaterials.com,Kevin Lyons,kevin.lyons@northwindmaterials.com,Standard User,Report_Builder,TRUE,2026-07-22T23:36:59.550520
nichole.buck@northwindmaterials.com,Nichole Buck,nichole.buck@northwindmaterials.com,Standard User,Report_Builder|Opportunity_Approver,TRUE,2026-06-03T19:11:10.013912
michael.matthews@northwindmaterials.com,Michael Matthews,michael.matthews@northwindmaterials.com,Sales Admin,,TRUE,2026-06-28T10:12:07.901934
alicia.hammond@northwindmaterials.com,Alicia Hammond,alicia.hammond@northwindmaterials.com,Standard User,Report_Builder,TRUE,2026-08-11T16:55:06.592715
jennifer.jones@northwindmaterials.com,Jennifer Jones,jennifer.jones@northwindmaterials.com,Standard User,,TRUE,2026-06-09T12:15:57.652400
michael.ellis@northwindmaterials.com,Michael Ellis,michael.ellis@northwindmaterials.com,Sales Admin,Revenue_Admin|Data_Export,TRUE,2026-06-13T10:10:04.605294
christine.galvan@northwindmaterials.com,Christine Galvan,christine.galvan@northwindmaterials.com,Standard User,Opportunity_Approver|Revenue_Admin,TRUE,2026-07-05T12:21:12.384774
kristina.jones@northwindmaterials.com,Kristina Jones,kristina.jones@northwindmaterials.com,System Administrator,,TRUE,2026-07-23T01:08:19.061788
william.bryant@northwindmaterials.com,William Bryant,william.bryant@northwindmaterials.com,Sales Admin,,TRUE,2026-08-16T04:34:04.424510
melinda.martin@northwindmaterials.com,Melinda Martin,melinda.martin@northwindmaterials.com,Sales Admin,Data_Export,TRUE,2026-08-13T14:50:51.742416
michael.chambers@northwindmaterials.com,Michael Chambers,michael.chambers@northwindmaterials.com,Standard User,,TRUE,2026-07-01T11:56:30.976652
laurie.brown@northwindmaterials.com,Laurie Brown,laurie.brown@northwindmaterials.com,Sales Admin,Revenue_Admin,TRUE,2026-06-05T18:25:11.438702
ronald.phillips@northwindmaterials.com,Ronald Phillips,ronald.phillips@northwindmaterials.com,Standard User,Revenue_Admin,TRUE,2026-07-05T16:36:34.678293
jeremy.whitehead@northwindmaterials.com,Jeremy Whitehead,jeremy.whitehead@northwindmaterials.com,Sales Admin,Data_Export,FALSE,2026-07-20T03:37:29.617080
penny.smith@northwindmaterials.com,Penny Smith,penny.smith@northwindmaterials.com,Standard User,Data_Export,TRUE,2026-05-22T02:57:11.217451
benjamin.shaw@northwindmaterials.com,Benjamin Shaw,benjamin.shaw@northwindmaterials.com,System Administrator,Revenue_Admin,TRUE,2026-06-22T14:43:06.845167
brian.wise@northwindmaterials.com,Brian Wise,brian.wise@northwindmaterials.com,Read Only,,FALSE,2026-05-30T19:20:10.095414
shelby.byrd@northwindmaterials.com,Shelby Byrd,shelby.byrd@northwindmaterials.com,Read Only,Opportunity_Approver,TRUE,2026-08-31T15:58:14.677803
darlene.ray@northwindmaterials.com,Darlene Ray,darlene.ray@northwindmaterials.com,Read Only,Opportunity_Approver,TRUE,2026-06-16T05:43:11.591382
jennifer.hicks@northwindmaterials.com,Jennifer Hicks,jennifer.hicks@northwindmaterials.com,System Administrator,,TRUE,2026-05-08T02:00:19.668955
john.davidson@northwindmaterials.com,John Davidson,john.davidson@northwindmaterials.com,Standard User,Report_Builder|Revenue_Admin,TRUE,2026-07-12T16:26:33.038771
james.rhodes@northwindmaterials.com,James Rhodes,james.rhodes@northwindmaterials.com,Read Only,,TRUE,2026-07-26T20:55:17.498242
alyssa.allen@northwindmaterials.com,Alyssa Allen,alyssa.allen@northwindmaterials.com,Sales Admin,Data_Export,TRUE,2026-06-25T01:28:30.255731
christine.torres@northwindmaterials.com,Christine Torres,christine.torres@northwindmaterials.com,Standard User,Data_Export,TRUE,2026-05-29T03:09:56.378225
kathleen.lowe@northwindmaterials.com,Kathleen Lowe,kathleen.lowe@northwindmaterials.com,Sales Admin,,TRUE,2026-05-15T02:06:32.657758
keith.martinez@acquiredbrand.com,Keith Martinez,keith.martinez@acquiredbrand.com,Standard User,,TRUE,2026-08-22T20:27:50.747509
scott.washington@northwindmaterials.com,Scott Washington,scott.washington@northwindmaterials.com,Sales Admin,Revenue_Admin,TRUE,2026-06-18T17:00:04.991472
samuel.roberson@northwindmaterials.com,Samuel Roberson,samuel.roberson@northwindmaterials.com,Standard User,Report_Builder|Opportunity_Approver,TRUE,2026-05-17T07:50:35.433962
jeremy.taylor@northwindmaterials.com,Jeremy Taylor,jeremy.taylor@northwindmaterials.com,Standard User,Report_Builder,TRUE,2026-06-06T05:54:02.869614
mitchell.ramos@northwindmaterials.com,Mitchell Ramos,mitchell.ramos@northwindmaterials.com,Sales Admin,,TRUE,2026-07-18T14:26:53.223060
timothy.romero@northwindmaterials.com,Timothy Romero,timothy.romero@northwindmaterials.com,Standard User,Report_Builder,TRUE,2026-07-08T18:21:33.446958
caitlin.dodson@northwindmaterials.com,Caitlin Dodson,caitlin.dodson@northwindmaterials.com,System Administrator,Revenue_Admin,TRUE,2026-08-21T20:41:04.201155
kayla.wright@northwindmaterials.com,Kayla Wright,kayla.wright@northwindmaterials.com,Sales Admin,Opportunity_Approver,TRUE,2026-08-30T20:30:54.710410
brenda.haynes@northwindmaterials.com,Brenda Haynes,brenda.haynes@northwindmaterials.com,Read Only,Data_Export,TRUE,2026-08-17T12:08:50.567054
amanda.dudley@northwindmaterials.com,Amanda Dudley,amanda.dudley@northwindmaterials.com,System Administrator,Data_Export,TRUE,2026-05-25T08:51:44.909601
ariel.hodge@northwindmaterials.com,Ariel Hodge,ariel.hodge@northwindmaterials.com,Standard User,Opportunity_Approver,TRUE,2026-08-21T14:44:33.812298
justin.evans@northwindmaterials.com,Justin Evans,justin.evans@northwindmaterials.com,System Administrator,Report_Builder|Revenue_Admin,TRUE,2026-06-15T05:40:25.544288
jason.salinas@northwindmaterials.com,Jason Salinas,jason.salinas@northwindmaterials.com,Standard User,Data_Export,TRUE,2026-06-13T02:50:36.709664
april.williams@northwindmaterials.com,April Williams,april.williams@northwindmaterials.com,Standard User,Report_Builder,TRUE,2026-07-14T01:44:44.795571
katherine.camacho@acquiredbrand.com,Katherine Camacho,katherine.camacho@acquiredbrand.com,System Administrator,,TRUE,2026-08-25T19:22:03.072729
mark.green@northwindmaterials.com,Mark Green,mark.green@northwindmaterials.com,Read Only,,TRUE,2026-06-06T12:35:30.255752
jeffrey.bradford@northwindmaterials.com,Jeffrey Bradford,jeffrey.bradford@northwindmaterials.com,Standard User,Opportunity_Approver,TRUE,2026-05-27T05:50:57.384995
jessica.carter@northwindmaterials.com,Jessica Carter,jessica.carter@northwindmaterials.com,Sales Admin,Opportunity_Approver,TRUE,2026-07-12T22:00:30.513502
ashley.andrews@northwindmaterials.com,Ashley Andrews,ashley.andrews@northwindmaterials.com,Standard User,,TRUE,2026-07-27T14:17:11.862455
john.oliver@northwindmaterials.com,John Oliver,john.oliver@northwindmaterials.com,System Administrator,Opportunity_Approver|Data_Export,TRUE,2026-08-12T11:24:50.816499
wesley.farrell@northwindmaterials.com,Wesley Farrell,wesley.farrell@northwindmaterials.com,System Administrator,Report_Builder,TRUE,2026-05-19T03:07:42.381087
emily.evans@northwindmaterials.com,Emily Evans,emily.evans@northwindmaterials.com,Standard User,Opportunity_Approver,TRUE,2026-08-07T19:33:31.554582
tina.kramer@northwindmaterials.com,Tina Kramer,tina.kramer@northwindmaterials.com,Sales Admin,Report_Builder,TRUE,2026-07-11T08:59:16.079693
jacqueline.gibson@northwindmaterials.com,Jacqueline Gibson,jacqueline.gibson@northwindmaterials.com,Read Only,Opportunity_Approver,TRUE,2026-08-07T11:28:25.063800
mike.moore@northwindmaterials.com,Mike Moore,mike.moore@northwindmaterials.com,Read Only,Report_Builder|Opportunity_Approver,TRUE,2026-06-15T00:21:13.341142
erik.collins@northwindmaterials.com,Erik Collins,erik.collins@northwindmaterials.com,Standard User,,TRUE,2026-05-17T14:20:55.908324
alexander.clark@northwindmaterials.com,Alexander Clark,alexander.clark@northwindmaterials.com,System Administrator,Report_Builder,TRUE,2026-05-05T09:00:16.023648
courtney.hill@northwindmaterials.com,Courtney Hill,courtney.hill@northwindmaterials.com,Sales Admin,Opportunity_Approver,TRUE,2026-08-23T15:25:52.060631
erin.jones@northwindmaterials.com,Erin Jones,erin.jones@northwindmaterials.com,Read Only,Revenue_Admin|Opportunity_Approver,TRUE,2026-05-22T00:44:15.129406
julie.lane@northwindmaterials.com,Julie Lane,julie.lane@northwindmaterials.com,Read Only,,TRUE,2026-07-25T02:03:30.370606
veronica.garcia@northwindmaterials.com,Veronica Garcia,veronica.garcia@northwindmaterials.com,Sales Admin,Data_Export|Report_Builder,TRUE,2026-07-06T03:46:34.203473
alan.caldwell@northwindmaterials.com,Alan Caldwell,alan.caldwell@northwindmaterials.com,System Administrator,,TRUE,2026-06-08T03:34:17.456138
robert.miles@northwindmaterials.com,Robert Miles,robert.miles@northwindmaterials.com,Standard User,,TRUE,2026-07-10T08:26:44.323015
michelle.nguyen@northwindmaterials.com,Michelle Nguyen,michelle.nguyen@northwindmaterials.com,System Administrator,,TRUE,2026-05-23T21:18:27.538028
victor.bradley@northwindmaterials.com,Victor Bradley,victor.bradley@northwindmaterials.com,System Administrator,Report_Builder|Opportunity_Approver,TRUE,2026-07-01T19:03:19.503087
bradley.moreno@northwindmaterials.com,Bradley Moreno,bradley.moreno@northwindmaterials.com,System Administrator,,FALSE,2026-05-12T03:05:43.793089
ashley.huff@northwindmaterials.com,Ashley Huff,ashley.huff@northwindmaterials.com,Standard User,Report_Builder,TRUE,2026-06-08T17:48:46.731551
kristin.rodriguez@northwindmaterials.com,Kristin Rodriguez,kristin.rodriguez@northwindmaterials.com,Sales Admin,Revenue_Admin,TRUE,2026-06-27T20:06:41.632421
aaron.mitchell@northwindmaterials.com,Aaron Mitchell,aaron.mitchell@northwindmaterials.com,Standard User,Opportunity_Approver|Data_Export,TRUE,2026-05-30T10:53:48.732037
william.cruz@northwindmaterials.com,William Cruz,william.cruz@northwindmaterials.com,Standard User,Data_Export,TRUE,2026-08-11T10:21:19.190863
ebony.tucker@northwindmaterials.com,Ebony Tucker,ebony.tucker@northwindmaterials.com,Standard User,Data_Export,TRUE,2026-05-19T04:29:42.020863
thomas.pierce@northwindmaterials.com,Thomas Pierce,thomas.pierce@northwindmaterials.com,Read Only,Revenue_Admin|Opportunity_Approver,TRUE,2026-07-01T23:29:43.272907
andrea.terry@northwindmaterials.com,Andrea Terry,andrea.terry@northwindmaterials.com,Sales Admin,Report_Builder,TRUE,2026-05-04T23:39:35.684220
jeremy.roberts@northwindmaterials.com,Jeremy Roberts,jeremy.roberts@northwindmaterials.com,System Administrator,,TRUE,2026-06-15T15:29:45.238343
danielle.coleman@northwindmaterials.com,Danielle Coleman,danielle.coleman@northwindmaterials.com,Read Only,,TRUE,2026-08-12T11:14:13.012897
joshua.medina@northwindmaterials.com,Joshua Medina,joshua.medina@northwindmaterials.com,Read Only,Data_Export|Revenue_Admin,TRUE,2026-05-10T08:43:04.414068
nancy.ortiz@northwindmaterials.com,Nancy Ortiz,nancy.ortiz@northwindmaterials.com,Read Only,Report_Builder|Opportunity_Approver,FALSE,2026-05-20T21:37:48.357055
gary.norton@northwindmaterials.com,Gary Norton,gary.norton@northwindmaterials.com,System Administrator,Data_Export,TRUE,2026-08-17T19:43:10.692467
curtis.parrish@northwindmaterials.com,Curtis Parrish,curtis.parrish@northwindmaterials.com,Sales Admin,Data_Export|Revenue_Admin,TRUE,2026-08-06T14:33:29.882908
anthony.day@northwindmaterials.com,Anthony Day,anthony.day@northwindmaterials.com,Read Only,Revenue_Admin|Opportunity_Approver,TRUE,2026-07-03T14:44:25.875331
melanie.gibson@northwindmaterials.com,Melanie Gibson,melanie.gibson@northwindmaterials.com,System Administrator,Revenue_Admin|Report_Builder,TRUE,2026-08-27T09:32:59.864387
anthony.gonzalez@northwindmaterials.com,Anthony Gonzalez,anthony.gonzalez@northwindmaterials.com,System Administrator,Revenue_Admin|Data_Export,TRUE,2026-07-10T15:57:26.821363
omar.kelley@northwindmaterials.com,Omar Kelley,omar.kelley@northwindmaterials.com,Sales Admin,Data_Export,TRUE,2026-08-26T19:36:48.718649
patrick.washington@northwindmaterials.com,Patrick Washington,patrick.washington@northwindmaterials.com,Sales Admin,Revenue_Admin|Data_Export,TRUE,2026-07-28T23:00:27.524494
stephanie.sanders@northwindmaterials.com,Stephanie Sanders,stephanie.sanders@northwindmaterials.com,System Administrator,Revenue_Admin,TRUE,2026-05-21T11:48:55.649556
nancy.scott@northwindmaterials.com,Nancy Scott,nancy.scott@northwindmaterials.com,Read Only,Data_Export|Revenue_Admin,TRUE,2026-07-31T08:11:34.897017
james.horton@northwindmaterials.com,James Horton,james.horton@northwindmaterials.com,System Administrator,,TRUE,2026-06-25T05:18:22.526668
jonathan.hall@northwindmaterials.com,Jonathan Hall,jonathan.hall@northwindmaterials.com,System Administrator,Data_Export,TRUE,2026-08-22T13:35:17.993487
ryan.johnson@northwindmaterials.com,Ryan Johnson,ryan.johnson@northwindmaterials.com,Standard User,Revenue_Admin,TRUE,2026-06-08T06:30:35.404899
james.herman@northwindmaterials.com,James Herman,james.herman@northwindmaterials.com,Sales Admin,Opportunity_Approver|Data_Export,TRUE,2026-05-08T05:33:13.198516
ian.roberts@northwindmaterials.com,Ian Roberts,ian.roberts@northwindmaterials.com,System Administrator,Opportunity_Approver,TRUE,2026-08-24T07:51:07.629934
jennifer.sellers@northwindmaterials.com,Jennifer Sellers,jennifer.sellers@northwindmaterials.com,Sales Admin,,TRUE,2026-06-03T05:20:17.138432
sydney.floyd@northwindmaterials.com,Sydney Floyd,sydney.floyd@northwindmaterials.com,Read Only,Data_Export,TRUE,2026-07-24T19:04:50.872765
donald.bailey@northwindmaterials.com,Donald Bailey,donald.bailey@northwindmaterials.com,Sales Admin,,TRUE,2026-06-19T17:22:24.984081
colton.hardy@acquiredbrand.com,Colton Hardy,colton.hardy@acquiredbrand.com,Read Only,Revenue_Admin,TRUE,2026-06-21T06:26:49.832687
cody.stanley@northwindmaterials.com,Cody Stanley,cody.stanley@northwindmaterials.com,Sales Admin,,TRUE,2026-08-20T20:59:20.168409
lisa.johnson@northwindmaterials.com,Lisa Johnson,lisa.johnson@northwindmaterials.com,Sales Admin,Data_Export,TRUE,2026-08-19T12:56:12.785151
alec.collier@northwindmaterials.com,Alec Collier,alec.collier@northwindmaterials.com,Read Only,Report_Builder|Revenue_Admin,TRUE,2026-08-22T19:09:32.728599
timothy.oliver@northwindmaterials.com,Timothy Oliver,timothy.oliver@northwindmaterials.com,Standard User,Data_Export|Report_Builder,TRUE,2026-07-15T00:28:18.204774
kaitlin.wright@northwindmaterials.com,Kaitlin Wright,kaitlin.wright@northwindmaterials.com,Read Only,Opportunity_Approver,TRUE,2026-05-25T04:06:34.816662
diana.foster@northwindmaterials.com,Diana Foster,diana.foster@northwindmaterials.com,System Administrator,Revenue_Admin|Opportunity_Approver,TRUE,2026-06-25T16:09:03.094628
ashley.lee@northwindmaterials.com,Ashley Lee,ashley.lee@northwindmaterials.com,Read Only,,TRUE,2026-08-17T11:41:07.178269
kathy.obrien@northwindmaterials.com,Kathy Obrien,kathy.obrien@northwindmaterials.com,Read Only,,TRUE,2026-08-08T21:36:54.430076
tyler.clark@northwindmaterials.com,Tyler Clark,tyler.clark@northwindmaterials.com,System Administrator,Opportunity_Approver|Report_Builder,TRUE,2026-05-21T01:49:40.489110
eric.phillips@northwindmaterials.com,Eric Phillips,eric.phillips@northwindmaterials.com,Read Only,Revenue_Admin,TRUE,2026-08-04T11:51:42.597389
alexandra.barnes@northwindmaterials.com,Alexandra Barnes,alexandra.barnes@northwindmaterials.com,System Administrator,Report_Builder|Revenue_Admin,TRUE,2026-06-03T09:03:31.977950
megan.brooks@northwindmaterials.com,Megan Brooks,megan.brooks@northwindmaterials.com,System Administrator,Opportunity_Approver|Revenue_Admin,TRUE,2026-06-23T07:58:45.965783
james.elliott@northwindmaterials.com,James Elliott,james.elliott@northwindmaterials.com,Standard User,Data_Export|Revenue_Admin,TRUE,2026-05-28T07:37:36.283747
rodney.diaz@northwindmaterials.com,Rodney Diaz,rodney.diaz@northwindmaterials.com,System Administrator,Data_Export|Report_Builder,TRUE,2026-06-09T23:23:19.525770
brian.silva@northwindmaterials.com,Brian Silva,brian.silva@northwindmaterials.com,Standard User,Data_Export|Report_Builder,TRUE,2026-06-09T01:19:20.428333
donna.becker@northwindmaterials.com,Donna Becker,donna.becker@northwindmaterials.com,Read Only,,TRUE,2026-08-23T15:06:06.150755
kelly.hughes@northwindmaterials.com,Kelly Hughes,kelly.hughes@northwindmaterials.com,Read Only,Opportunity_Approver,TRUE,2026-06-28T17:07:28.643124
robert.davis@northwindmaterials.com,Robert Davis,robert.davis@northwindmaterials.com,Sales Admin,,TRUE,2026-05-26T09:06:42.684835
kimberly.banks@northwindmaterials.com,Kimberly Banks,kimberly.banks@northwindmaterials.com,Standard User,Opportunity_Approver,TRUE,2026-08-06T06:19:42.641172
edward.jenkins@northwindmaterials.com,Edward Jenkins,edward.jenkins@northwindmaterials.com,Standard User,Opportunity_Approver,TRUE,2026-08-12T10:29:41.128681
jeffery.fox@northwindmaterials.com,Jeffery Fox,jeffery.fox@northwindmaterials.com,Sales Admin,Revenue_Admin|Report_Builder,TRUE,2026-05-15T21:36:06.554096
christine.collier@northwindmaterials.com,Christine Collier,christine.collier@northwindmaterials.com,Sales Admin,Revenue_Admin,TRUE,2026-07-06T13:31:32.236895
bailey.perez@northwindmaterials.com,Bailey Perez,bailey.perez@northwindmaterials.com,Sales Admin,Report_Builder,TRUE,2026-07-26T16:06:14.970411
keith.landry@northwindmaterials.com,Keith Landry,keith.landry@northwindmaterials.com,Sales Admin,,TRUE,2026-07-03T19:59:15.720067
thomas.hall@northwindmaterials.com,Thomas Hall,thomas.hall@northwindmaterials.com,Read Only,,TRUE,2026-07-25T14:16:12.884102
eric.morris@northwindmaterials.com,Eric Morris,eric.morris@northwindmaterials.com,Read Only,Revenue_Admin|Report_Builder,TRUE,2026-06-16T06:46:11.624125
jeffery.wagner@northwindmaterials.com,Jeffery Wagner,jeffery.wagner@northwindmaterials.com,Read Only,Report_Builder,TRUE,2026-06-15T21:04:41.806604
samuel.potts@northwindmaterials.com,Samuel Potts,samuel.potts@northwindmaterials.com,Sales Admin,Report_Builder,TRUE,2026-06-29T08:40:16.928540
leslie.frey@northwindmaterials.com,Leslie Frey,leslie.frey@northwindmaterials.com,Sales Admin,,TRUE,2026-08-27T17:58:01.683188
charles.martin@northwindmaterials.com,Charles Martin,charles.martin@northwindmaterials.com,Sales Admin,Opportunity_Approver|Revenue_Admin,TRUE,2026-06-28T17:29:52.325441
lauren.haynes@northwindmaterials.com,Lauren Haynes,lauren.haynes@northwindmaterials.com,Sales Admin,Report_Builder,TRUE,2026-08-21T21:10:04.366752
juan.vasquez@northwindmaterials.com,Juan Vasquez,juan.vasquez@northwindmaterials.com,Standard User,,TRUE,2026-05-07T13:05:44.543416
lisa.keith@northwindmaterials.com,Lisa Keith,lisa.keith@northwindmaterials.com,System Administrator,Data_Export,TRUE,2026-08-04T09:17:48.279547
ashlee.sparks@northwindmaterials.com,Ashlee Sparks,ashlee.sparks@northwindmaterials.com,Read Only,,TRUE,2026-05-14T23:40:31.739640
mark.cook@northwindmaterials.com,Mark Cook,mark.cook@northwindmaterials.com,Read Only,Opportunity_Approver|Revenue_Admin,TRUE,2026-05-21T05:53:11.407616
jon.smith@northwindmaterials.com,Jon Smith,jon.smith@northwindmaterials.com,System Administrator,Data_Export|Revenue_Admin,TRUE,2026-08-21T04:43:28.182806
matthew.wilson@northwindmaterials.com,Matthew Wilson,matthew.wilson@northwindmaterials.com,Standard User,Report_Builder,TRUE,2026-08-06T18:30:01.381735
allen.robertson@northwindmaterials.com,Allen Robertson,allen.robertson@northwindmaterials.com,Sales Admin,Opportunity_Approver,TRUE,2026-07-13T00:19:42.834519
kelsey.chapman@northwindmaterials.com,Kelsey Chapman,kelsey.chapman@northwindmaterials.com,System Administrator,Opportunity_Approver|Revenue_Admin,TRUE,2026-06-18T03:33:36.425046
jill.preston@northwindmaterials.com,Jill Preston,jill.preston@northwindmaterials.com,Sales Admin,Revenue_Admin|Opportunity_Approver,TRUE,2026-07-17T21:09:44.847646
deborah.byrd@northwindmaterials.com,Deborah Byrd,deborah.byrd@northwindmaterials.com,Standard User,Data_Export,TRUE,2026-08-20T08:44:51.905223
nicholas.lang@northwindmaterials.com,Nicholas Lang,nicholas.lang@northwindmaterials.com,Standard User,Data_Export,TRUE,2026-08-17T17:04:44.678422
amanda.little@northwindmaterials.com,Amanda Little,amanda.little@northwindmaterials.com,System Administrator,Opportunity_Approver|Report_Builder,TRUE,2026-05-10T19:11:01.515982
lorraine.levy@northwindmaterials.com,Lorraine Levy,lorraine.levy@northwindmaterials.com,Standard User,Revenue_Admin,FALSE,2026-08-13T18:54:32.924428
david.hall@northwindmaterials.com,David Hall,david.hall@northwindmaterials.com,Standard User,Report_Builder,TRUE,2026-05-19T11:41:42.795637
mark.bridges@northwindmaterials.com,Mark Bridges,mark.bridges@northwindmaterials.com,Sales Admin,Revenue_Admin|Opportunity_Approver,TRUE,2026-07-23T18:49:41.470186
kevin.silva@northwindmaterials.com,Kevin Silva,kevin.silva@northwindmaterials.com,Standard User,,TRUE,2026-06-28T21:53:11.455084
thomas.keith@northwindmaterials.com,Thomas Keith,thomas.keith@northwindmaterials.com,Read Only,,TRUE,2026-08-03T22:25:37.528675
stephen.rivera@northwindmaterials.com,Stephen Rivera,stephen.rivera@northwindmaterials.com,Standard User,Revenue_Admin,TRUE,2026-07-05T12:51:49.849623
robert.porter@northwindmaterials.com,Robert Porter,robert.porter@northwindmaterials.com,Sales Admin,Report_Builder,TRUE,2026-08-13T01:53:25.261995
stacy.hull@northwindmaterials.com,Stacy Hull,stacy.hull@northwindmaterials.com,Standard User,Revenue_Admin,TRUE,2026-05-14T12:49:05.471411
patricia.miller@northwindmaterials.com,Patricia Miller,patricia.miller@northwindmaterials.com,Sales Admin,,TRUE,2026-06-05T19:06:12.790739
mary.anderson@northwindmaterials.com,Mary Anderson,mary.anderson@northwindmaterials.com,Standard User,Revenue_Admin|Opportunity_Approver,TRUE,2026-08-30T17:10:47.084847
donna.lin@northwindmaterials.com,Donna Lin,donna.lin@northwindmaterials.com,Sales Admin,Opportunity_Approver,TRUE,2026-05-17T05:18:03.164418
don.martin@northwindmaterials.com,Don Martin,don.martin@northwindmaterials.com,Sales Admin,Data_Export|Report_Builder,TRUE,2026-07-14T16:41:53.847627
jessica.long@northwindmaterials.com,Jessica Long,jessica.long@northwindmaterials.com,Sales Admin,Report_Builder|Opportunity_Approver,TRUE,2026-08-11T00:11:15.305688
kyle.harmon@northwindmaterials.com,Kyle Harmon,kyle.harmon@northwindmaterials.com,System Administrator,,TRUE,2026-07-11T05:28:37.172812
gabriel.palmer@northwindmaterials.com,Gabriel Palmer,gabriel.palmer@northwindmaterials.com,Standard User,Opportunity_Approver,TRUE,2026-07-26T05:54:27.211948
brooke.harvey@northwindmaterials.com,Brooke Harvey,brooke.harvey@northwindmaterials.com,System Administrator,Opportunity_Approver|Report_Builder,TRUE,2026-08-16T02:13:28.842211
joseph.young@northwindmaterials.com,Joseph Young,joseph.young@northwindmaterials.com,Read Only,Report_Builder|Revenue_Admin,TRUE,2026-05-18T22:45:17.717722
madison.blankenship@acquiredbrand.com,Madison Blankenship,madison.blankenship@acquiredbrand.com,Standard User,Revenue_Admin,TRUE,2026-07-13T12:41:54.091327
richard.young@northwindmaterials.com,Richard Young,richard.young@northwindmaterials.com,Read Only,Revenue_Admin|Report_Builder,TRUE,2026-07-04T16:09:50.791977
omar.smith@northwindmaterials.com,Omar Smith,omar.smith@northwindmaterials.com,Read Only,,TRUE,2026-07-29T09:49:11.887984
michael.love@northwindmaterials.com,Michael Love,michael.love@northwindmaterials.com,Sales Admin,Data_Export,TRUE,2026-07-27T13:31:45.397043
jacob.fletcher@northwindmaterials.com,Jacob Fletcher,jacob.fletcher@northwindmaterials.com,Read Only,,FALSE,2026-07-05T07:50:25.462223
sara.mcdowell@northwindmaterials.com,Sara Mcdowell,sara.mcdowell@northwindmaterials.com,Standard User,Revenue_Admin|Report_Builder,TRUE,2026-07-10T19:42:06.653456
andrew.hickman@northwindmaterials.com,Andrew Hickman,andrew.hickman@northwindmaterials.com,Sales Admin,,TRUE,2026-08-28T10:45:43.092651
terri.tran@northwindmaterials.com,Terri Tran,terri.tran@northwindmaterials.com,Sales Admin,Revenue_Admin|Opportunity_Approver,FALSE,2026-05-20T17:50:23.713977
lisa.hughes@northwindmaterials.com,Lisa Hughes,lisa.hughes@northwindmaterials.com,Standard User,Opportunity_Approver|Data_Export,TRUE,2026-08-19T18:45:02.673464
seth.sanders@northwindmaterials.com,Seth Sanders,seth.sanders@northwindmaterials.com,Sales Admin,Report_Builder|Opportunity_Approver,TRUE,2026-07-20T03:14:39.154046
katherine.walker@acquiredbrand.com,Katherine Walker,katherine.walker@acquiredbrand.com,System Administrator,,TRUE,2026-05-22T22:45:12.333081
kenneth.molina@northwindmaterials.com,Kenneth Molina,kenneth.molina@northwindmaterials.com,System Administrator,Data_Export|Report_Builder,FALSE,2026-07-18T18:19:46.748297
debra.gardner@northwindmaterials.com,Debra Gardner,debra.gardner@northwindmaterials.com,Sales Admin,Report_Builder|Opportunity_Approver,TRUE,2026-07-29T16:07:44.691660
kevin.williams@northwindmaterials.com,Kevin Williams,kevin.williams@northwindmaterials.com,Read Only,,TRUE,2026-08-24T18:12:35.569766
misty.wilkins@northwindmaterials.com,Misty Wilkins,misty.wilkins@northwindmaterials.com,Standard User,,TRUE,2026-08-09T01:10:35.442048
james.moss@northwindmaterials.com,James Moss,james.moss@northwindmaterials.com,Standard User,Report_Builder|Data_Export,TRUE,2026-07-18T05:09:07.546491
savannah.roberson@northwindmaterials.com,Savannah Roberson,savannah.roberson@northwindmaterials.com,Sales Admin,Opportunity_Approver,TRUE,2026-05-28T11:00:56.294910
holly.blair@northwindmaterials.com,Holly Blair,holly.blair@northwindmaterials.com,System Administrator,,TRUE,2026-05-12T10:22:08.897670
thomas.smith@northwindmaterials.com,Thomas Smith,thomas.smith@northwindmaterials.com,Read Only,Revenue_Admin|Report_Builder,TRUE,2026-05-22T17:42:12.978923
nathan.mccoy@northwindmaterials.com,Nathan Mccoy,nathan.mccoy@northwindmaterials.com,Standard User,,TRUE,2026-08-17T23:06:33.486408
michael.williams@northwindmaterials.com,Michael Williams,michael.williams@northwindmaterials.com,Sales Admin,Report_Builder,TRUE,2026-07-05T18:05:20.312162
lisa.adams@northwindmaterials.com,Lisa Adams,lisa.adams@northwindmaterials.com,Sales Admin,,TRUE,2026-06-03T00:57:12.699154
brad.lewis@acquiredbrand.com,Brad Lewis,brad.lewis@acquiredbrand.com,Sales Admin,Report_Builder|Data_Export,TRUE,2026-05-16T19:23:17.633146
jennifer.mason@northwindmaterials.com,Jennifer Mason,jennifer.mason@northwindmaterials.com,Read Only,Revenue_Admin,TRUE,2026-05-07T08:00:37.388659
john.jones@northwindmaterials.com,John Jones,john.jones@northwindmaterials.com,Sales Admin,Data_Export|Report_Builder,TRUE,2026-07-04T01:43:01.105565
tonya.sanchez@northwindmaterials.com,Tonya Sanchez,tonya.sanchez@northwindmaterials.com,Read Only,,TRUE,2026-06-20T06:15:21.645649
terrance.costa@northwindmaterials.com,Terrance Costa,terrance.costa@northwindmaterials.com,Sales Admin,Opportunity_Approver,TRUE,2026-08-23T12:00:28.781573
christopher.thomas@northwindmaterials.com,Christopher Thomas,christopher.thomas@northwindmaterials.com,Read Only,Opportunity_Approver,TRUE,2026-06-09T08:46:49.525460
sarah.anderson@northwindmaterials.com,Sarah Anderson,sarah.anderson@northwindmaterials.com,System Administrator,,TRUE,2026-07-01T10:06:44.062079
katrina.ray@northwindmaterials.com,Katrina Ray,katrina.ray@northwindmaterials.com,System Administrator,Opportunity_Approver,TRUE,2026-05-26T11:02:47.596285
selena.duncan@northwindmaterials.com,Selena Duncan,selena.duncan@northwindmaterials.com,Read Only,Revenue_Admin,TRUE,2026-06-01T13:35:31.992893
trevor.barton@northwindmaterials.com,Trevor Barton,trevor.barton@northwindmaterials.com,Read Only,Report_Builder,TRUE,2026-08-14T02:27:26.872219
loretta.austin@northwindmaterials.com,Loretta Austin,loretta.austin@northwindmaterials.com,Standard User,,TRUE,2026-06-04T14:34:55.176846
stephen.beck@northwindmaterials.com,Stephen Beck,stephen.beck@northwindmaterials.com,Read Only,Report_Builder|Data_Export,FALSE,2026-07-16T21:44:56.272647
christopher.briggs@northwindmaterials.com,Christopher Briggs,christopher.briggs@northwindmaterials.com,Sales Admin,,TRUE,2026-06-26T01:41:38.292164
gloria.martin@northwindmaterials.com,Gloria Martin,gloria.martin@northwindmaterials.com,System Administrator,Data_Export|Opportunity_Approver,TRUE,2026-07-22T08:29:55.831671
michelle.robinson@northwindmaterials.com,Michelle Robinson,michelle.robinson@northwindmaterials.com,Sales Admin,Report_Builder|Opportunity_Approver,TRUE,2026-05-19T03:48:21.629086
meghan.brown@northwindmaterials.com,Meghan Brown,meghan.brown@northwindmaterials.com,Read Only,Opportunity_Approver,TRUE,2026-05-21T22:11:22.373936
madeline.richardson@northwindmaterials.com,Madeline Richardson,madeline.richardson@northwindmaterials.com,Sales Admin,,TRUE,2026-05-06T23:22:28.879594
leah.norton@northwindmaterials.com,Leah Norton,leah.norton@northwindmaterials.com,Sales Admin,Revenue_Admin,TRUE,2026-05-21T09:03:22.364447
christopher.cole@northwindmaterials.com,Christopher Cole,christopher.cole@northwindmaterials.com,Read Only,Data_Export,TRUE,2026-08-01T17:26:37.148757
daniel.jones@northwindmaterials.com,Daniel Jones,daniel.jones@northwindmaterials.com,Read Only,Revenue_Admin,FALSE,2026-06-02T06:09:49.891465
nathan.smith@northwindmaterials.com,Nathan Smith,nathan.smith@northwindmaterials.com,Sales Admin,Report_Builder,TRUE,2026-07-04T18:09:47.489390
dawn.coleman@northwindmaterials.com,Dawn Coleman,dawn.coleman@northwindmaterials.com,Read Only,Opportunity_Approver|Revenue_Admin,TRUE,2026-07-27T07:55:49.974519
jonathan.hughes@northwindmaterials.com,Jonathan Hughes,jonathan.hughes@northwindmaterials.com,Standard User,Opportunity_Approver,TRUE,2026-05-28T10:00:39.589280
kyle.ward@acquiredbrand.com,Kyle Ward,kyle.ward@acquiredbrand.com,Read Only,,TRUE,2026-07-01T00:44:36.307385
jasmine.martin@acquiredbrand.com,Jasmine Martin,jasmine.martin@acquiredbrand.com,Sales Admin,Opportunity_Approver,TRUE,2026-06-08T02:36:47.580824
donald.smith@northwindmaterials.com,Donald Smith,donald.smith@northwindmaterials.com,Standard User,Data_Export,TRUE,2026-05-16T09:03:24.100501
elizabeth.hodge@acquiredbrand.com,Elizabeth Hodge,elizabeth.hodge@acquiredbrand.com,Read Only,,TRUE,2026-07-14T00:38:23.072863
benjamin.armstrong@northwindmaterials.com,Benjamin Armstrong,benjamin.armstrong@northwindmaterials.com,Read Only,Data_Export|Revenue_Admin,TRUE,2026-06-17T10:56:14.976047
matthew.chavez@northwindmaterials.com,Matthew Chavez,matthew.chavez@northwindmaterials.com,Sales Admin,Data_Export,TRUE,2026-06-06T09:31:20.221831
christopher.anthony@northwindmaterials.com,Christopher Anthony,christopher.anthony@northwindmaterials.com,Sales Admin,Opportunity_Approver|Revenue_Admin,TRUE,2026-06-19T16:09:49.939031
michael.flores@northwindmaterials.com,Michael Flores,michael.flores@northwindmaterials.com,System Administrator,Data_Export|Opportunity_Approver,TRUE,2026-08-08T08:34:58.669905
elizabeth.hoover@northwindmaterials.com,Elizabeth Hoover,elizabeth.hoover@northwindmaterials.com,Read Only,Data_Export|Opportunity_Approver,TRUE,2026-06-29T01:12:55.620621
ryan.simon@northwindmaterials.com,Ryan Simon,ryan.simon@northwindmaterials.com,Sales Admin,Data_Export,TRUE,2026-08-09T23:51:41.698123
wayne.price@northwindmaterials.com,Wayne Price,wayne.price@northwindmaterials.com,Standard User,Revenue_Admin,TRUE,2026-05-22T03:43:10.583482
thomas.bryant@northwindmaterials.com,Thomas Bryant,thomas.bryant@northwindmaterials.com,Sales Admin,Opportunity_Approver,TRUE,2026-06-07T09:15:21.578811
brenda.duarte@northwindmaterials.com,Brenda Duarte,brenda.duarte@northwindmaterials.com,Standard User,Report_Builder|Data_Export,TRUE,2026-05-18T18:57:51.525861
travis.joyce@northwindmaterials.com,Travis Joyce,travis.joyce@northwindmaterials.com,Sales Admin,,TRUE,2026-06-20T02:33:23.998082
erin.johnson@northwindmaterials.com,Erin Johnson,erin.johnson@northwindmaterials.com,System Administrator,,TRUE,2026-07-13T00:56:58.750690
maria.martinez@northwindmaterials.com,Maria Martinez,maria.martinez@northwindmaterials.com,Sales Admin,Revenue_Admin|Data_Export,FALSE,2026-05-08T11:09:38.169302
angela.greene@northwindmaterials.com,Angela Greene,angela.greene@northwindmaterials.com,Sales Admin,Revenue_Admin,TRUE,2026-07-21T10:12:58.680373
chad.welch@northwindmaterials.com,Chad Welch,chad.welch@northwindmaterials.com,Standard User,,TRUE,2026-07-22T05:42:40.902605
tracy.gallagher@northwindmaterials.com,Tracy Gallagher,tracy.gallagher@northwindmaterials.com,Standard User,Report_Builder,TRUE,2026-06-26T17:06:02.251714
wendy.rice@northwindmaterials.com,Wendy Rice,wendy.rice@northwindmaterials.com,Standard User,Data_Export|Opportunity_Approver,TRUE,2026-08-21T08:21:07.248604
sierra.wagner@northwindmaterials.com,Sierra Wagner,sierra.wagner@northwindmaterials.com,Sales Admin,Revenue_Admin|Opportunity_Approver,TRUE,2026-06-15T22:36:48.219897
andrew.ball@northwindmaterials.com,Andrew Ball,andrew.ball@northwindmaterials.com,Sales Admin,,TRUE,2026-05-21T02:11:38.934842
krista.parsons@northwindmaterials.com,Krista Parsons,krista.parsons@northwindmaterials.com,System Administrator,Revenue_Admin|Data_Export,TRUE,2026-08-18T06:22:53.987168
anna.faulkner@northwindmaterials.com,Anna Faulkner,anna.faulkner@northwindmaterials.com,System Administrator,,FALSE,2026-06-28T09:02:54.626760
jeffrey.singh@northwindmaterials.com,Jeffrey Singh,jeffrey.singh@northwindmaterials.com,Standard User,,TRUE,2026-05-05T11:15:56.801340
micheal.nunez@northwindmaterials.com,Micheal Nunez,micheal.nunez@northwindmaterials.com,Read Only,Opportunity_Approver,TRUE,2026-05-23T08:56:45.034044
thomas.sandoval@acquiredbrand.com,Thomas Sandoval,thomas.sandoval@acquiredbrand.com,Read Only,,TRUE,2026-07-03T10:50:18.719409
whitney.hicks@northwindmaterials.com,Whitney Hicks,whitney.hicks@northwindmaterials.com,Standard User,Data_Export|Report_Builder,TRUE,2026-08-15T16:44:37.788124
angela.jones@northwindmaterials.com,Angela Jones,angela.jones@northwindmaterials.com,System Administrator,Data_Export|Opportunity_Approver,TRUE,2026-05-29T16:02:48.479972
brian.ford@northwindmaterials.com,Brian Ford,brian.ford@northwindmaterials.com,Sales Admin,Opportunity_Approver|Data_Export,TRUE,2026-08-20T16:20:43.830494
dominic.tyler@northwindmaterials.com,Dominic Tyler,dominic.tyler@northwindmaterials.com,Standard User,Opportunity_Approver,TRUE,2026-07-06T09:09:36.977196
cynthia.baker@northwindmaterials.com,Cynthia Baker,cynthia.baker@northwindmaterials.com,Standard User,Opportunity_Approver|Revenue_Admin,FALSE,2026-07-04T22:34:12.166828
thomas.medina@northwindmaterials.com,Thomas Medina,thomas.medina@northwindmaterials.com,System Administrator,,TRUE,2026-05-25T07:33:03.642511
diane.sweeney@northwindmaterials.com,Diane Sweeney,diane.sweeney@northwindmaterials.com,Standard User,Data_Export|Opportunity_Approver,TRUE,2026-05-22T13:02:23.343831
jason.murphy@northwindmaterials.com,Jason Murphy,jason.murphy@northwindmaterials.com,Read Only,Revenue_Admin|Report_Builder,TRUE,2026-07-22T02:05:17.340714
duane.anderson@northwindmaterials.com,Duane Anderson,duane.anderson@northwindmaterials.com,System Administrator,Data_Export|Revenue_Admin,TRUE,2026-07-10T22:51:56.011508
lisa.mcneil@northwindmaterials.com,Lisa Mcneil,lisa.mcneil@northwindmaterials.com,Standard User,Report_Builder|Opportunity_Approver,TRUE,2026-06-28T12:18:26.720094
colleen.white@northwindmaterials.com,Colleen White,colleen.white@northwindmaterials.com,Sales Admin,,TRUE,2026-08-15T09:57:07.316210
andrew.martinez@northwindmaterials.com,Andrew Martinez,andrew.martinez@northwindmaterials.com,Standard User,Report_Builder,TRUE,2026-05-21T04:18:47.431627
adam.ortiz@northwindmaterials.com,Adam Ortiz,adam.ortiz@northwindmaterials.com,Sales Admin,Revenue_Admin|Opportunity_Approver,TRUE,2026-08-06T13:41:15.012561
larry.morris@northwindmaterials.com,Larry Morris,larry.morris@northwindmaterials.com,Read Only,Revenue_Admin,TRUE,2026-07-22T09:19:06.820962
brian.scott@northwindmaterials.com,Brian Scott,brian.scott@northwindmaterials.com,Read Only,Report_Builder|Opportunity_Approver,TRUE,2026-08-23T04:36:48.886631
diamond.watts@northwindmaterials.com,Diamond Watts,diamond.watts@northwindmaterials.com,Sales Admin,Report_Builder|Revenue_Admin,TRUE,2026-05-12T13:26:42.414712
jennifer.reed@northwindmaterials.com,Jennifer Reed,jennifer.reed@northwindmaterials.com,System Administrator,,TRUE,2026-08-13T02:15:26.705414
joshua.becker@northwindmaterials.com,Joshua Becker,joshua.becker@northwindmaterials.com,System Administrator,Report_Builder,TRUE,2026-07-01T10:11:04.648722
alejandro.vaughan@northwindmaterials.com,Alejandro Vaughan,alejandro.vaughan@northwindmaterials.com,Standard User,Opportunity_Approver|Data_Export,TRUE,2026-08-27T21:09:30.340168
timothy.howard@northwindmaterials.com,Timothy Howard,timothy.howard@northwindmaterials.com,Sales Admin,,TRUE,2026-07-16T01:49:27.761971
david.smith@northwindmaterials.com,David Smith,david.smith@northwindmaterials.com,Sales Admin,Report_Builder,TRUE,2026-05-26T00:28:43.201999
william.walker@northwindmaterials.com,William Walker,william.walker@northwindmaterials.com,Read Only,,TRUE,2026-07-28T09:28:49.903336
jennifer.mcguire@northwindmaterials.com,Jennifer Mcguire,jennifer.mcguire@northwindmaterials.com,Standard User,,TRUE,2026-07-04T05:06:10.960052
daniel.fowler@northwindmaterials.com,Daniel Fowler,daniel.fowler@northwindmaterials.com,Read Only,Data_Export,TRUE,2026-07-22T10:38:48.079567
andrea.salazar@northwindmaterials.com,Andrea Salazar,andrea.salazar@northwindmaterials.com,Sales Admin,Opportunity_Approver|Revenue_Admin,TRUE,2026-06-04T11:34:15.351146
isaac.frazier@northwindmaterials.com,Isaac Frazier,isaac.frazier@northwindmaterials.com,Read Only,Revenue_Admin,TRUE,2026-07-27T02:34:25.938807
kevin.stanley@acquiredbrand.com,Kevin Stanley,kevin.stanley@acquiredbrand.com,Sales Admin,Revenue_Admin,TRUE,2026-07-14T00:53:38.570109
jason.lopez@acquiredbrand.com,Jason Lopez,jason.lopez@acquiredbrand.com,Sales Admin,,FALSE,2026-07-13T01:29:13.884311
alejandra.park@northwindmaterials.com,Alejandra Park,alejandra.park@northwindmaterials.com,Sales Admin,Report_Builder|Data_Export,TRUE,2026-07-13T12:20:25.751129
ryan.james@northwindmaterials.com,Ryan James,ryan.james@northwindmaterials.com,Standard User,Opportunity_Approver|Report_Builder,TRUE,2026-08-11T23:04:20.827738
jared.clark@northwindmaterials.com,Jared Clark,jared.clark@northwindmaterials.com,Read Only,,TRUE,2026-05-12T11:36:05.463676
mark.solis@northwindmaterials.com,Mark Solis,mark.solis@northwindmaterials.com,Sales Admin,Revenue_Admin,TRUE,2026-05-07T22:01:22.480444
john.bruce@northwindmaterials.com,John Bruce,john.bruce@northwindmaterials.com,Sales Admin,Opportunity_Approver,TRUE,2026-07-31T07:41:13.935979
teresa.anderson@northwindmaterials.com,Teresa Anderson,teresa.anderson@northwindmaterials.com,System Administrator,Report_Builder,FALSE,2026-06-01T04:18:30.289211
jesse.sullivan@northwindmaterials.com,Jesse Sullivan,jesse.sullivan@northwindmaterials.com,Read Only,Revenue_Admin,TRUE,2026-07-23T04:57:05.751308
wendy.dawson@northwindmaterials.com,Wendy Dawson,wendy.dawson@northwindmaterials.com,System Administrator,Data_Export,TRUE,2026-07-03T07:22:10.720780
michael.brown@northwindmaterials.com,Michael Brown,michael.brown@northwindmaterials.com,Standard User,Data_Export,TRUE,2026-07-24T21:26:53.358488
mary.stephenson@northwindmaterials.com,Mary Stephenson,mary.stephenson@northwindmaterials.com,Sales Admin,,TRUE,2026-06-12T05:08:20.461915
leonard.hayes@northwindmaterials.com,Leonard Hayes,leonard.hayes@northwindmaterials.com,System Administrator,,TRUE,2026-06-01T03:49:10.425041
hannah.brewer@northwindmaterials.com,Hannah Brewer,hannah.brewer@northwindmaterials.com,Standard User,Data_Export|Opportunity_Approver,TRUE,2026-08-04T23:37:14.726232
